<?xml version="1.0" encoding="UTF-8"?>
<GenRun Id="synth_1" LaunchPart="xc7k160tffg676-2L" LaunchTime="1614583159">
  <File Type="PA-TCL" Name="Water_LED.tcl"/>
  <File Type="RDS-PROPCONSTRS" Name="Water_LED_drc_synth.rpt"/>
  <File Type="REPORTS-TCL" Name="Water_LED_reports.tcl"/>
  <File Type="RDS-RDS" Name="Water_LED.vds"/>
  <File Type="RDS-UTIL" Name="Water_LED_utilization_synth.rpt"/>
  <File Type="RDS-UTIL-PB" Name="Water_LED_utilization_synth.pb"/>
  <File Type="RDS-DCP" Name="Water_LED.dcp"/>
  <File Type="VDS-TIMINGSUMMARY" Name="Water_LED_timing_summary_synth.rpt"/>
  <File Type="VDS-TIMING-PB" Name="Water_LED_timing_summary_synth.pb"/>
  <FileSet Name="sources" Type="DesignSrcs" RelSrcDir="$PSRCDIR/sources_1">
    <Filter Type="Srcs"/>
    <File Path="$PSRCDIR/sources_1/new/Water_LED.v">
      <FileInfo>
        <Attr Name="UsedIn" Val="synthesis"/>
        <Attr Name="UsedIn" Val="implementation"/>
        <Attr Name="UsedIn" Val="simulation"/>
      </FileInfo>
    </File>
    <Config>
      <Option Name="DesignMode" Val="RTL"/>
      <Option Name="TopModule" Val="Water_LED"/>
      <Option Name="TopAutoSet" Val="TRUE"/>
    </Config>
  </FileSet>
  <FileSet Name="constrs_in" Type="Constrs" RelSrcDir="$PSRCDIR/constrs_1">
    <Filter Type="Constrs"/>
    <File Path="$PSRCDIR/constrs_1/new/Water_LED.xdc">
      <FileInfo>
        <Attr Name="UsedIn" Val="synthesis"/>
        <Attr Name="UsedIn" Val="implementation"/>
      </FileInfo>
    </File>
    <Config>
      <Option Name="TargetConstrsFile" Val="$PSRCDIR/constrs_1/new/Water_LED.xdc"/>
      <Option Name="ConstrsType" Val="XDC"/>
    </Config>
  </FileSet>
  <Strategy Version="1" Minor="2">
    <StratHandle Name="Vivado Synthesis Defaults" Flow="Vivado Synthesis 2017"/>
    <Step Id="synth_design"/>
  </Strategy>
</GenRun>
