<?xml version="1.0" encoding="UTF-8"?>
<GenRun Id="synth_1" LaunchPart="xc7k160tffg676-2L" LaunchTime="1614583899">
  <File Type="PA-TCL" Name="OExp01_muxctrl_wrapper.tcl"/>
  <File Type="RDS-PROPCONSTRS" Name="OExp01_muxctrl_wrapper_drc_synth.rpt"/>
  <File Type="REPORTS-TCL" Name="OExp01_muxctrl_wrapper_reports.tcl"/>
  <File Type="RDS-RDS" Name="OExp01_muxctrl_wrapper.vds"/>
  <File Type="RDS-UTIL" Name="OExp01_muxctrl_wrapper_utilization_synth.rpt"/>
  <File Type="RDS-UTIL-PB" Name="OExp01_muxctrl_wrapper_utilization_synth.pb"/>
  <File Type="RDS-DCP" Name="OExp01_muxctrl_wrapper.dcp"/>
  <File Type="VDS-TIMINGSUMMARY" Name="OExp01_muxctrl_wrapper_timing_summary_synth.rpt"/>
  <File Type="VDS-TIMING-PB" Name="OExp01_muxctrl_wrapper_timing_summary_synth.pb"/>
  <FileSet Name="sources" Type="DesignSrcs" RelSrcDir="$PSRCDIR/sources_1">
    <Filter Type="Srcs"/>
    <File Path="$PSRCDIR/sources_1/bd/OExp01_muxctrl/OExp01_muxctrl.bd">
      <FileInfo>
        <Attr Name="UsedIn" Val="synthesis"/>
        <Attr Name="UsedIn" Val="implementation"/>
        <Attr Name="UsedIn" Val="simulation"/>
      </FileInfo>
    </File>
    <File Path="$PSRCDIR/sources_1/bd/OExp01_muxctrl/hdl/OExp01_muxctrl_wrapper.v">
      <FileInfo>
        <Attr Name="UsedIn" Val="synthesis"/>
        <Attr Name="UsedIn" Val="implementation"/>
        <Attr Name="UsedIn" Val="simulation"/>
      </FileInfo>
    </File>
    <Config>
      <Option Name="DesignMode" Val="RTL"/>
      <Option Name="TopModule" Val="OExp01_muxctrl_wrapper"/>
      <Option Name="TopAutoSet" Val="TRUE"/>
    </Config>
  </FileSet>
  <FileSet Name="constrs_in" Type="Constrs" RelSrcDir="$PSRCDIR/constrs_1">
    <Filter Type="Constrs"/>
    <File Path="$PSRCDIR/constrs_1/new/muxctrl.xdc">
      <FileInfo>
        <Attr Name="UsedIn" Val="synthesis"/>
        <Attr Name="UsedIn" Val="implementation"/>
      </FileInfo>
    </File>
    <Config>
      <Option Name="ConstrsType" Val="XDC"/>
    </Config>
  </FileSet>
  <Strategy Version="1" Minor="2">
    <StratHandle Name="Vivado Synthesis Defaults" Flow="Vivado Synthesis 2017"/>
    <Step Id="synth_design"/>
  </Strategy>
</GenRun>
