<?xml version="1.0" encoding="UTF-8"?>
<GenRun Id="impl_1" LaunchPart="xc7k160tffg676-2L" LaunchTime="1614583159">
  <File Type="PWROPT-DCP" Name="Water_LED_pwropt.dcp"/>
  <File Type="ROUTE-PWR" Name="Water_LED_power_routed.rpt"/>
  <File Type="PA-TCL" Name="Water_LED.tcl"/>
  <File Type="ROUTE-PWR-SUM" Name="Water_LED_power_summary_routed.pb"/>
  <File Type="REPORTS-TCL" Name="Water_LED_reports.tcl"/>
  <File Type="BG-DRC" Name="Water_LED.drc"/>
  <File Type="OPT-METHODOLOGY-DRC" Name="Water_LED_methodology_drc_opted.rpt"/>
  <File Type="INIT-TIMING" Name="Water_LED_timing_summary_init.rpt"/>
  <File Type="OPT-HWDEF" Name="Water_LED.hwdef"/>
  <File Type="OPT-DCP" Name="Water_LED_opt.dcp"/>
  <File Type="OPT-DRC" Name="Water_LED_drc_opted.rpt"/>
  <File Type="OPT-TIMING" Name="Water_LED_timing_summary_opted.rpt"/>
  <File Type="PWROPT-DRC" Name="Water_LED_drc_pwropted.rpt"/>
  <File Type="PWROPT-TIMING" Name="Water_LED_timing_summary_pwropted.rpt"/>
  <File Type="PLACE-DCP" Name="Water_LED_placed.dcp"/>
  <File Type="PLACE-IO" Name="Water_LED_io_placed.rpt"/>
  <File Type="PLACE-CLK" Name="Water_LED_clock_utilization_placed.rpt"/>
  <File Type="PLACE-UTIL" Name="Water_LED_utilization_placed.rpt"/>
  <File Type="PLACE-UTIL-PB" Name="Water_LED_utilization_placed.pb"/>
  <File Type="PLACE-CTRL" Name="Water_LED_control_sets_placed.rpt"/>
  <File Type="PLACE-SIMILARITY" Name="Water_LED_incremental_reuse_placed.rpt"/>
  <File Type="PLACE-PRE-SIMILARITY" Name="Water_LED_incremental_reuse_pre_placed.rpt"/>
  <File Type="PLACE-TIMING" Name="Water_LED_timing_summary_placed.rpt"/>
  <File Type="POSTPLACE-PWROPT-DCP" Name="Water_LED_postplace_pwropt.dcp"/>
  <File Type="POSTPLACE-PWROPT-TIMING" Name="Water_LED_timing_summary_postplace_pwropted.rpt"/>
  <File Type="PHYSOPT-DCP" Name="Water_LED_physopt.dcp"/>
  <File Type="PHYSOPT-DRC" Name="Water_LED_drc_physopted.rpt"/>
  <File Type="BG-BIT" Name="Water_LED.bit"/>
  <File Type="PHYSOPT-TIMING" Name="Water_LED_timing_summary_physopted.rpt"/>
  <File Type="ROUTE-ERROR-DCP" Name="Water_LED_routed_error.dcp"/>
  <File Type="ROUTE-DCP" Name="Water_LED_routed.dcp"/>
  <File Type="ROUTE-BLACKBOX-DCP" Name="Water_LED_routed_bb.dcp"/>
  <File Type="ROUTE-DRC" Name="Water_LED_drc_routed.rpt"/>
  <File Type="ROUTE-DRC-PB" Name="Water_LED_drc_routed.pb"/>
  <File Type="BITSTR-MSK" Name="Water_LED.msk"/>
  <File Type="ROUTE-DRC-RPX" Name="Water_LED_drc_routed.rpx"/>
  <File Type="BG-BGN" Name="Water_LED.bgn"/>
  <File Type="ROUTE-METHODOLOGY-DRC" Name="Water_LED_methodology_drc_routed.rpt"/>
  <File Type="BITSTR-RBT" Name="Water_LED.rbt"/>
  <File Type="ROUTE-METHODOLOGY-DRC-RPX" Name="Water_LED_methodology_drc_routed.rpx"/>
  <File Type="BG-BIN" Name="Water_LED.bin"/>
  <File Type="ROUTE-METHODOLOGY-DRC-PB" Name="Water_LED_methodology_drc_routed.pb"/>
  <File Type="ROUTE-PWR-RPX" Name="Water_LED_power_routed.rpx"/>
  <File Type="ROUTE-STATUS" Name="Water_LED_route_status.rpt"/>
  <File Type="ROUTE-STATUS-PB" Name="Water_LED_route_status.pb"/>
  <File Type="ROUTE-TIMINGSUMMARY" Name="Water_LED_timing_summary_routed.rpt"/>
  <File Type="ROUTE-TIMING-PB" Name="Water_LED_timing_summary_routed.pb"/>
  <File Type="ROUTE-TIMING-RPX" Name="Water_LED_timing_summary_routed.rpx"/>
  <File Type="ROUTE-SIMILARITY" Name="Water_LED_incremental_reuse_routed.rpt"/>
  <File Type="RDI-RDI" Name="Water_LED.vdi"/>
  <File Type="ROUTE-CLK" Name="Water_LED_clock_utilization_routed.rpt"/>
  <File Type="POSTROUTE-PHYSOPT-DCP" Name="Water_LED_postroute_physopt.dcp"/>
  <File Type="POSTROUTE-PHYSOPT-BLACKBOX-DCP" Name="Water_LED_postroute_physopt_bb.dcp"/>
  <File Type="POSTROUTE-PHYSOPT-TIMING" Name="Water_LED_timing_summary_postroute_physopted.rpt"/>
  <File Type="POSTROUTE-PHYSOPT-TIMING-PB" Name="Water_LED_timing_summary_postroute_physopted.pb"/>
  <File Type="POSTROUTE-PHYSOPT-TIMING-RPX" Name="Water_LED_timing_summary_postroute_physopted.rpx"/>
  <File Type="BITSTR-NKY" Name="Water_LED.nky"/>
  <File Type="BITSTR-BMM" Name="Water_LED_bd.bmm"/>
  <File Type="BITSTR-MMI" Name="Water_LED.mmi"/>
  <File Type="BITSTR-LTX" Name="debug_nets.ltx"/>
  <File Type="BITSTR-LTX" Name="Water_LED.ltx"/>
  <File Type="BITSTR-SYSDEF" Name="Water_LED.sysdef"/>
  <File Type="WBT-USG" Name="usage_statistics_webtalk.html"/>
  <FileSet Name="sources" Type="DesignSrcs" RelSrcDir="$PSRCDIR/sources_1">
    <Filter Type="Srcs"/>
    <File Path="$PSRCDIR/sources_1/new/Water_LED.v">
      <FileInfo>
        <Attr Name="UsedIn" Val="synthesis"/>
        <Attr Name="UsedIn" Val="implementation"/>
        <Attr Name="UsedIn" Val="simulation"/>
      </FileInfo>
    </File>
    <Config>
      <Option Name="DesignMode" Val="RTL"/>
      <Option Name="TopModule" Val="Water_LED"/>
      <Option Name="TopAutoSet" Val="TRUE"/>
    </Config>
  </FileSet>
  <FileSet Name="constrs_in" Type="Constrs" RelSrcDir="$PSRCDIR/constrs_1">
    <Filter Type="Constrs"/>
    <File Path="$PSRCDIR/constrs_1/new/Water_LED.xdc">
      <FileInfo>
        <Attr Name="UsedIn" Val="synthesis"/>
        <Attr Name="UsedIn" Val="implementation"/>
      </FileInfo>
    </File>
    <Config>
      <Option Name="TargetConstrsFile" Val="$PSRCDIR/constrs_1/new/Water_LED.xdc"/>
      <Option Name="ConstrsType" Val="XDC"/>
    </Config>
  </FileSet>
  <Strategy Version="1" Minor="2">
    <StratHandle Name="Vivado Implementation Defaults" Flow="Vivado Implementation 2017"/>
    <Step Id="init_design"/>
    <Step Id="opt_design"/>
    <Step Id="power_opt_design"/>
    <Step Id="place_design"/>
    <Step Id="post_place_power_opt_design"/>
    <Step Id="phys_opt_design"/>
    <Step Id="route_design"/>
    <Step Id="post_route_phys_opt_design"/>
    <Step Id="write_bitstream"/>
  </Strategy>
</GenRun>
