<?xml version="1.0" encoding="UTF-8"?>
<GenRun Id="synth_1" LaunchPart="xc7k160tffg676-2L" LaunchTime="1604908430">
  <File Type="PA-TCL" Name="MUX8T1_8.tcl"/>
  <File Type="RDS-PROPCONSTRS" Name="MUX8T1_8_drc_synth.rpt"/>
  <File Type="REPORTS-TCL" Name="MUX8T1_8_reports.tcl"/>
  <File Type="RDS-RDS" Name="MUX8T1_8.vds"/>
  <File Type="RDS-UTIL" Name="MUX8T1_8_utilization_synth.rpt"/>
  <File Type="RDS-UTIL-PB" Name="MUX8T1_8_utilization_synth.pb"/>
  <File Type="RDS-DCP" Name="MUX8T1_8.dcp"/>
  <File Type="VDS-TIMINGSUMMARY" Name="MUX8T1_8_timing_summary_synth.rpt"/>
  <File Type="VDS-TIMING-PB" Name="MUX8T1_8_timing_summary_synth.pb"/>
  <FileSet Name="sources" Type="DesignSrcs" RelSrcDir="$PSRCDIR/sources_1">
    <Filter Type="Srcs"/>
    <File Path="$PSRCDIR/sources_1/new/MUX8T1_8.v">
      <FileInfo>
        <Attr Name="UsedIn" Val="synthesis"/>
        <Attr Name="UsedIn" Val="implementation"/>
        <Attr Name="UsedIn" Val="simulation"/>
      </FileInfo>
    </File>
    <Config>
      <Option Name="DesignMode" Val="RTL"/>
      <Option Name="TopModule" Val="MUX8T1_8"/>
      <Option Name="TopAutoSet" Val="TRUE"/>
    </Config>
  </FileSet>
  <FileSet Name="constrs_in" Type="Constrs" RelSrcDir="$PSRCDIR/constrs_1">
    <Filter Type="Constrs"/>
    <Config>
      <Option Name="ConstrsType" Val="XDC"/>
    </Config>
  </FileSet>
  <Strategy Version="1" Minor="2">
    <StratHandle Name="Vivado Synthesis Defaults" Flow="Vivado Synthesis 2017">
      <Desc>Vivado Synthesis Defaults</Desc>
    </StratHandle>
    <Step Id="synth_design"/>
  </Strategy>
</GenRun>
